TITLE,ID,VIEWS,LIKES,DISLIKES,COMMENTS,FAVORITES,PUBLISHED
WALK THE MOON - 48 Hours (Timebomb Behind The Scenes),kMb7PY2GxtA,3333,316,3,30,0,2019-02-13T05:00:00.000Z
Walk The Moon Concert!,lQfAbypF5Ng,25,3,1,1,0,2019-02-11T20:18:33.000Z
"Walk the Moon - ""Timebomb"" Live",XdhNN_yGi2g,106,6,0,0,0,2019-02-10T15:35:32.000Z
WALK THE MOON Full Interview with 92 ProFM,Gxe_yZoaKU4,70,3,0,0,0,2019-02-08T17:50:14.000Z
WALK THE MOON - Full Performance Live @ College St. Music Hall - 2019 Winter Tour,TEAtf61pr4g,927,27,0,3,0,2019-02-05T13:12:26.000Z
WALK THE MOON - Timebomb (Official Video),BOqjJkrywhU,1643167,18822,1326,782,0,2019-01-23T16:58:19.000Z
WALK THE MOON - Timebomb (Audio),H3BCMPZjTFQ,331950,7754,169,460,0,2019-01-11T05:00:01.000Z
morgxn ft. WALK THE MOON - Home,BjyaOd6hvfQ,129918,746,34,123,0,2019-01-09T12:00:02.000Z
WALK THE MOON - Tiger Teeth (Official Video),zgEaJw1wEB0,1212538,15037,848,671,0,2018-10-25T04:00:03.000Z
morgxn - home ft. WALK THE MOON,wL5_coYNVgY,2332260,7810,136,475,0,2018-09-28T04:00:04.000Z
WALK THE MOON - Kamikaze (Official Video),t-g3wLNjSCc,5030413,53096,2270,1053,0,2018-04-16T14:00:07.000Z
WALK THE MOON - Kamikaze (Lyrics / Lyrics Video),9EhAZgddhj8,787449,6324,206,218,0,2017-11-06T21:21:39.000Z
WALK THE MOON - One Foot (Lyrics / Lyrics Video),gcaL-N0AiDw,6454596,41131,1708,1937,0,2017-09-22T16:03:47.000Z
WALK THE MOON - One Foot (Official Video),05v4nfUmBYI,13641505,114426,5637,4983,0,2017-09-22T04:00:00.000Z
WALK THE MOON - Work This Body (Official Video),0UYi5naMsfg,3076270,28306,2204,1261,0,2016-02-12T17:00:01.000Z
WALK THE MOON - Different Colors,tqw4LCOdD04,3844299,33750,1213,1076,0,2015-06-11T07:00:01.000Z
"WALK THE MOON - LIVE Full show at House of Blues Houston, Houston, TX Apr 30",r_iN0t-k8Ds,194139,1673,37,150,0,2015-05-12T00:20:08.000Z
WALK THE MOON - Work This Body (Lyrics),qzkCk6-d8Oc,3790964,15451,561,558,0,2014-12-03T00:22:38.000Z
WALK THE MOON - Portugal (Lyrics),X2_G9mfd2zY,1374783,5215,147,197,0,2014-12-02T23:52:52.000Z
WALK THE MOON - Avalanche (Lyrics),ECBhz_1AaSM,2414192,10932,295,355,0,2014-12-02T04:37:24.000Z
WALK THE MOON - Different Colors (Audio),2QjqCJOPu-M,2320656,15606,422,575,0,2014-11-17T08:00:04.000Z
WALK THE MOON - Shut Up and Dance (Official Video),6JCLY0Rlx6Q,305550315,1435301,68764,58924,0,2014-10-23T16:00:18.000Z
WALK THE MOON - Tightrope (Official Video),gPedH9B8AAE,6331541,43424,1170,1773,0,2012-10-05T07:00:10.000Z
WALK THE MOON - Jenny (WALK THE MOON presents 7in7),I7ar0wdK4vc,2613709,15787,331,829,0,2012-06-15T07:50:32.000Z
WALK THE MOON - Shiver Shiver (WALK THE MOON presents 7in7),uD63wVc57A8,2591314,14355,366,1130,0,2012-06-15T07:39:32.000Z
WALK THE MOON - Anna Sun (Official Video),qDVW81bXo0s,24532242,170764,7356,12614,0,2012-02-07T08:00:00.000Z
